Dataset,Equivalence_Achieved,Validation_Score,Avg_Correlation,Info_Consistency,Visual_Variance,Spectral_Variance,Semantic_Variance
agrafiotis,False,0.0,0.5659507246060391,0.0,0.38994713115503865,0.1768453245830297,0.16793719880980995
ahmed,False,0.0,0.733434696929673,0.0,0.1436230624858619,0.21453109863118106,0.35018667134471626
hann,False,0.0,0.26465025258658503,0.0,0.13361022503648246,0.07652970302948317,0.30770877938438457
walters,False,-0.0,-0.24816610094137345,0.0,0.06065147884628502,0.15240940740331047,0.3430896966873435
