{
  "accuracy": 0.4166666666666667,
  "feature_importance": [
    0.21862215015239325,
    0.2773144684858375,
    0.229825491695212,
    0.2742378896665573,
    0.0
  ],
  "n_features": 5
}