{
  "agrafiotis": {
    "transformations": 8,
    "conservation_analysis": {
      "avg_conservation": 0.518874985889037,
      "conservation_scores": [
        0.43381602030459754,
        0.5736557767231372,
        0.18267628194157826,
        0.6329349682729298,
        0.28097652698920517,
        1.0,
        0.09746186189744399,
        0.9494784509834047
      ],
      "well_conserved": 2
    },
    "amplification_analysis": {
      "avg_amplification": 0.9347402895663066,
      "max_amplification": 1.7550264796460868,
      "amplification_variance": 0.15976175921514732,
      "significant_amplifications": 1
    },
    "avg_catalysis_factor": 2.8125183533919147
  },
  "ahmed": {
    "transformations": 148,
    "conservation_analysis": {
      "avg_conservation": 0.5497928640935517,
      "conservation_scores": [
        0.295321373682567,
        0.7158645641517851,
        0.27053469618657333,
        0.655781191718631,
        0.5152853748671866,
        0.5152853748671866,
        0.655781191718631,
        0.4395832786221392,
        0.4395832786221392,
        0.655781191718631,
        0.5152853748671866,
        0.5152853748671866,
        0.655781191718631,
        0.4395832786221392,
        0.4395832786221392,
        0.2064756815758406,
        0.7206709410753689,
        0.6972731753613762,
        0.9199748959259149,
        0.8026679227113692,
        0.7873484095564233,
        0.4845613405495922,
        0.5075947402909062,
        0.5075947402909062,
        0.7247503017084218,
        0.44603630806520034,
        0.44603630806520034,
        0.7247503017084218,
        0.5075947402909062,
        0.5075947402909062,
        0.42703784545771356,
        0.6938803001910576,
        0.44603630806520034,
        0.32690743898909,
        0.8886265509921274,
        0.5075947402909062,
        0.6703200460356393,
        0.41253805324543186,
        0.664655611027152,
        0.17981240379793184,
        0.2231301601484298,
        0.8637781234920946,
        0.2939013095547821,
        0.41253805324543186,
        0.6154344565483846,
        0.4395832786221392,
        0.2231301601484298,
        0.36787944117144233,
        0.34042084809639495,
        0.7632133123266575,
        0.6154344565483846,
        0.49398949680269216,
        0.8026679227113692,
        0.664655611027152,
        0.40905196476432976,
        0.7687154485602092,
        0.5703660998151449,
        0.43844923226293614,
        0.6154344565483846,
        0.6154344565483846,
        1.0,
        0.7687154485602092,
        0.5571267532719365,
        0.7247503017084218,
        0.7687154485602092,
        0.7687154485602092,
        0.7247503017084218,
        0.7247503017084218,
        0.4575937024361616,
        0.3316411739004819,
        0.5571267532719365,
        0.6303887337266166,
        0.3512064285203172,
        0.7247503017084218,
        1.0,
        0.7247503017084218,
        0.36787944117144233,
        0.36787944117144233,
        1.0,
        0.44603630806520034,
        0.6154344565483846,
        1.0,
        0.5075947402909062,
        0.8157056631133682,
        0.4140479042218516,
        0.6154344565483846,
        0.7158645641517851,
        0.4405677190010001,
        0.5075947402909062,
        0.5075947402909062,
        1.0,
        0.6154344565483846,
        0.44603630806520034,
        1.0,
        0.36787944117144233,
        0.5075947402909062,
        0.7247503017084218,
        0.44603630806520034,
        1.0,
        0.44603630806520034,
        0.4723665527410147,
        0.6276069572603962,
        0.29646053487737073,
        0.5935459556467458,
        0.5353691830317353,
        0.3177662133663889,
        0.4723665527410147,
        0.4368908417597887,
        0.3328287738166735,
        0.6062792608771056,
        0.3600038200481862,
        0.17349106709795367,
        0.5134171190325921,
        0.7687154485602092,
        0.3946716709556294,
        0.3946716709556294,
        0.7247503017084218,
        0.3598546032861043,
        0.6459115473682115,
        0.7687154485602092,
        0.3946716709556294,
        0.3946716709556294,
        1.0,
        0.3946716709556294,
        0.2860384126008594,
        0.24212628888334864,
        0.3340823567959821,
        0.3340823567959821,
        0.2239421007871776,
        0.4368908417597887,
        0.2865047968601901,
        0.27053469618657333,
        0.41253805324543186,
        0.3402509296792487,
        0.2231301601484298,
        0.27053469618657333,
        0.7384343386594622,
        0.37437671247558296,
        0.39917551732185486,
        0.4516669634358167,
        0.9321151434068874,
        0.8189661380583164,
        0.5935459556467458,
        0.7775330192141868,
        0.9321151434068874,
        0.8237873802914358,
        0.34108743833407845,
        0.38594032162107234
      ],
      "well_conserved": 18
    },
    "amplification_analysis": {
      "avg_amplification": 1.0568077929855635,
      "max_amplification": 2.1677527782585484,
      "amplification_variance": 0.12484380506503218,
      "significant_amplifications": 16
    },
    "avg_catalysis_factor": 2.74124635105067
  },
  "hann": {
    "transformations": 118,
    "conservation_analysis": {
      "avg_conservation": 0.6872628060239901,