{
  "total_peaks": 19,
  "total_groups": 5,
  "avg_peaks": 1.5833333333333333,
  "detection_rate": 0.4166666666666667
}