{
  "framework": "Bounded Phase Space (BPS)",
  "framework_version": "1.0.0",
  "timestamp_utc": "2026-04-21T08:03:31.581722+00:00",
  "battery": "8_spectral_holography",
  "coupling_matrices": {
    "CH4+": {
      "modes": 4,
      "ground_cm_inv": [
        3019.0,
        1534.0,
        1306.0,
        2917.0
      ],
      "excited_cm_inv": [
        3040.0,
        1560.0,
        1320.0,
        2930.0
      ],
      "K_matrix_cm2": [
        [
          441.0,
          546.0,
          294.0,
          273.0
        ],
        [
          546.0,
          676.0,
          364.0,
          338.0
        ],
        [
          294.0,
          364.0,
          196.0,
          182.0
        ],
        [
          273.0,
          338.0,
          182.0,
          169.0
        ]
      ]
    },
    "R6G": {
      "modes": 6,
      "ground_cm_inv": [
        614.0,
        775.0,
        1190.0,
        1311.0,
        1363.0,
        1511.0
      ],
      "excited_cm_inv": [
        615.0,
        778.0,
        1195.0,
        1315.0,
        1370.0,
        1520.0
      ],
      "K_matrix_cm2": [
        [
          1.0,
          3.0,
          5.0,
          4.0,
          7.0,
          9.0
        ],
        [
          3.0,
          9.0,
          15.0,
          12.0,
          21.0,
          27.0
        ],
        [
          5.0,
          15.0,
          25.0,
          20.0,
          35.0,
          45.0
        ],
        [
          4.0,
          12.0,
          20.0,
          16.0,
          28.0,
          36.0
        ],
        [
          7.0,
          21.0,
          35.0,
          28.0,
          49.0,
          63.0
        ],
        [
          9.0,
          27.0,
          45.0,
          36.0,
          63.0,
          81.0
        ]
      ]
    }
  },
  "stokes_decomposition": {
    "total_cm_inv": 1011.0,
    "vibrational_cm_inv": 16.0,
    "solvent_cm_inv": 995.0
  },
  "huang_rhys_R6G": {
    "modes_cm_inv": [
      614.0,
      775.0,
      1190.0,
      1311.0,
      1363.0,
      1511.0
    ],
    "S_factors": [
      4.071661237785016e-06,
      2.903225806451613e-05,
      5.252100840336135e-05,
      3.0511060259344016e-05,
      8.987527512839324e-05,
      0.00013401720714758438
    ]
  },
  "autocatalytic_information": {
    "n_modalities": 5,
    "alpha": 0.69,
    "I_independent": 5,
    "I_autocatalytic": 10.385974691942318,
    "ratio": 2.077
  }
}