{
  "n_entries": 264,
  "coverage": {
    "S_k_range": [
      0.0,
      0.9387367019180289
    ],
    "S_t_range": [
      0.0,
      1.0
    ],
    "S_e_range": [
      0.0,
      0.9814814814814814
    ],
    "S_k_mean": 0.07202909881970791,
    "S_t_mean": 0.41926805756601954,
    "S_e_mean": 0.38991554660714933
  },
  "density": {
    "min_distance": 0.0,
    "mean_distance": 0.5334354945980401,
    "max_distance": 1.6104530244961581,
    "std_distance": 0.4213587752772906
  }
}