{
  "paper": "Strobe Instrumentation Validation",
  "framework_version": "0.1.0",
  "timestamp_utc": "2026-05-01T19:12:55.977917+00:00",
  "jitter_analysis": [
    {
      "oscillator": "CPU clock",
      "sigma_jitter_s": 3.3333333333333334e-13,
      "n_shots": 1000,
      "samples_mean_s": -1.1862329206212933e-14,
      "samples_std_s": 3.2117026748318495e-13,
      "histogram_counts": [
        2,
        2,
        1,
        0,
        2,
        6,
        4,
        8,
        14,
        11,
        19,
        28,
        34,
        33,
        35,
        47,
        55,
        57,
        54,
        64,
        53,
        60,
        52,
        49,
        52,
        52,
        41,
        42,
        30,
        25,
        14,
        17,
        14,
        9,
        4,
        4,
        2,
        1,
        2,
        1
      ],
      "histogram_edges_s": [
        -1.0275015885725537e-12,
        -9.779718222688834e-13,
        -9.284420559652134e-13,
        -8.789122896615431e-13,
        -8.29382523357873e-13,
        -7.798527570542029e-13,
        -7.303229907505327e-13,
        -6.807932244468626e-13,
        -6.312634581431923e-13,
        -5.817336918395223e-13,
        -5.32203925535852e-13,
        -4.826741592321819e-13,
        -4.3314439292851173e-13,
        -3.836146266248416e-13,
        -3.3408486032117134e-13,
        -2.845550940175012e-13,
        -2.3502532771383104e-13,
        -1.854955614101609e-13,
        -1.3596579510649075e-13,
        -8.64360288028206e-14,
        -3.690626249915036e-14,
        1.2623503804519688e-14,
        6.215327010818994e-14,
        1.1168303641186018e-13,
        1.6121280271553023e-13,
        2.1074256901920047e-13,
        2.602723353228705e-13,
        3.0980210162654077e-13,
        3.59331867930211e-13,
        4.0886163423388106e-13,
        4.583914005375513e-13,
        5.079211668412214e-13,
        5.574509331448916e-13,
        6.069806994485618e-13,
        6.565104657522319e-13,
        7.060402320559021e-13,
        7.555699983595722e-13,
        8.050997646632424e-13,
        8.546295309669125e-13,
        9.041592972705829e-13,
        9.536890635742528e-13
      ]
    },
    {
      "oscillator": "Memory bus",
      "sigma_jitter_s": 1.7677669529663687e-12,
      "n_shots": 1000,
      "samples_mean_s": -8.617137920411039e-14,
      "samples_std_s": 1.8025200547501613e-12,
      "histogram_counts": [
        2,
        3,
        2,
        1,
        0,
        6,
        8,
        12,
        20,
        26,
        29,
        37,
        27,
        50,
        60,
        50,
        73,
        72,
        52,
        82,
        77,
        51,
        55,
        42,
        44,
        28,
        20,
        25,
        9,
        9,
        9,
        8,
        4,
        3,
        0,
        2,
        0,
        0,
        1,
        1
      ],
      "histogram_edges_s": [
        -5.754992250591385e-12,
        -5.445703462110985e-12,
        -5.136414673630586e-12,
        -4.8271258851501866e-12,
        -4.517837096669787e-12,
        -4.208548308189387e-12,
        -3.8992595197089875e-12,
        -3.589970731228588e-12,
        -3.2806819427481884e-12,
        -2.971393154267789e-12,
        -2.6621043657873893e-12,
        -2.3528155773069897e-12,
        -2.04352678882659e-12,
        -1.7342380003461902e-12,
        -1.424949211865791e-12,
        -1.1156604233853919e-12,
        -8.063716349049919e-13,
        -4.970828464245919e-13,
        -1.877940579441928e-13,
        1.2149473053620637e-13,
        4.3078351901660633e-13,
        7.400723074970063e-13,
        1.0493610959774054e-12,
        1.3586498844578046e-12,
        1.6679386729382046e-12,
        1.9772274614186045e-12,
        2.2865162498990045e-12,
        2.595805038379403e-12,
        2.905093826859803e-12,
        3.2143826153402028e-12,
        3.523671403820601e-12,
        3.832960192301001e-12,
        4.142248980781401e-12,
        4.451537769261801e-12,
        4.760826557742201e-12,
        5.070115346222599e-12,
        5.379404134702999e-12,
        5.688692923183399e-12,
        5.9979817116637976e-12,
        6.3072705001441975e-12,
        6.616559288624598e-12
      ]
    },
    {
      "oscillator": "LED frequency",
      "sigma_jitter_s": 2.173913043478261e-19,
      "n_shots": 1000,
      "samples_mean_s": 5.549649939835252e-21,
      "samples_std_s": 2.1343018660086524e-19,
      "histogram_counts": [
        2,
        1,
        0,
        4,
        3,
        3,
        10,
        7,
        12,
        19,
        11,
        33,
        35,
        28,
        42,
        69,
        58,
        62,
        48,
        79,
        67,
        65,
        56,
        57,
        57,
        43,
        30,
        24,
        21,
        26,
        8,
        3,
        6,
        2,
        4,
        2,
        1,
        1,
        0,
        1
      ],
      "histogram_edges_s": [
        -6.969496730016632e-19,
        -6.609621847224899e-19,
        -6.249746964433165e-19,
        -5.889872081641431e-19,
        -5.529997198849698e-19,
        -5.170122316057965e-19,
        -4.810247433266232e-19,
        -4.450372550474499e-19,
        -4.0904976676827655e-19,
        -3.7306227848910324e-19,
        -3.370747902099299e-19,
        -3.0108730193075657e-19,
        -2.6509981365158327e-19,
        -2.2911232537240996e-19,
        -1.9312483709323655e-19,
        -1.5713734881406324e-19,
        -1.2114986053488993e-19,
        -8.516237225571663e-20,
        -4.917488397654332e-20,
        -1.3187395697369913e-20,
        2.2800092581803396e-20,
        5.87875808609767e-20,
        9.477506914015001e-20,
        1.3076255741932332e-19,
        1.6675004569849663e-19,
        2.0273753397767004e-19,
        2.3872502225684325e-19,
        2.7471251053601665e-19,
        3.1069999881519006e-19,
        3.4668748709436327e-19,
        3.8267497537353667e-19,
        4.186624636527099e-19,
        4.546499519318833e-19,
        4.906374402110567e-19,
        5.266249284902299e-19,
        5.626124167694033e-19,
        5.985999050485765e-19,
        6.345873933277499e-19,
        6.705748816069233e-19,
        7.065623698860965e-19,
        7.4254985816527005e-19
      ]
    },
    {
      "oscillator": "Refresh polar.",
      "sigma_jitter_s": 1.5625e-07,
      "n_shots": 1000,
      "samples_mean_s": -2.7756282756800704e-09,
      "samples_std_s": 1.5422516549434678e-07,
      "histogram_counts": [
        2,
        1,
        0,
        0,
        3,
        3,
        2,
        6,
        13,
        13,
        13,
        23,
        29,
        23,
        55,
        45,
        66,
        78,
        75,
        72,
        65,
        68,
        73,
        45,
        37,
        51,
        38,
        30,
        23,
        16,
        10,
        9,
        3,
        6,
        1,
        2,
        0,
        0,
        0,
        1
      ],