{
  "paper": "Virtual Spectroscopy at Instrument Precision",
  "framework_version": "1.0.0",
  "timestamp_utc": "2026-04-30T03:03:38.828060+00:00",
  "systems": 3,
  "total_lines": 70,
  "h_atom": {
    "n": 24,
    "mean": 0.0164142763452837,
    "max": 0.03175288063500776
  },
  "h2_molecule": {
    "n": 17,
    "mean": 1.0933277894686304,
    "max": 5.865058424425175
  },
  "h2o_water": {
    "n": 29,
    "mean": 0.08332456397826098,
    "max": 1.3676182751871373
  }
}